Model,Origin,MPG,Cylinders,Displacement,Horsepower,Weight,Acceleration,Model_Year,cyl4,org,when,Mfg
chevrolet chevelle malibu           ,USA    ,18,8,307,130,3504,12,70,Other,USA    ,Early,chevrolet    
buick skylark 320                   ,USA    ,15,8,350,165,3693,11.5,70,Other,USA    ,Early,buick        
plymouth satellite                  ,USA    ,18,8,318,150,3436,11,70,Other,USA    ,Early,plymouth     
amc rebel sst                       ,USA    ,16,8,304,150,3433,12,70,Other,USA    ,Early,amc          
ford torino                         ,USA    ,17,8,302,140,3449,10.5,70,Other,USA    ,Early,ford         
ford galaxie 500                    ,USA    ,15,8,429,198,4341,10,70,Other,USA    ,Early,ford         
chevrolet impala                    ,USA    ,14,8,454,220,4354,9,70,Other,USA    ,Early,chevrolet    
plymouth fury iii                   ,USA    ,14,8,440,215,4312,8.5,70,Other,USA    ,Early,plymouth     
pontiac catalina                    ,USA    ,14,8,455,225,4425,10,70,Other,USA    ,Early,pontiac      
amc ambassador dpl                  ,USA    ,15,8,390,190,3850,8.5,70,Other,USA    ,Early,amc          
citroen ds-21 pallas                ,France ,NaN,4,133,115,3090,17.5,70,Four ,Europe ,Early,citroen      
chevrolet chevelle concours (sw)    ,USA    ,NaN,8,350,165,4142,11.5,70,Other,USA    ,Early,chevrolet    
ford torino (sw)                    ,USA    ,NaN,8,351,153,4034,11,70,Other,USA    ,Early,ford         
plymouth satellite (sw)             ,USA    ,NaN,8,383,175,4166,10.5,70,Other,USA    ,Early,plymouth     
amc rebel sst (sw)                  ,USA    ,NaN,8,360,175,3850,11,70,Other,USA    ,Early,amc          
dodge challenger se                 ,USA    ,15,8,383,170,3563,10,70,Other,USA    ,Early,dodge        
plymouth 'cuda 340                  ,USA    ,14,8,340,160,3609,8,70,Other,USA    ,Early,plymouth     
ford mustang boss 302               ,USA    ,NaN,8,302,140,3353,8,70,Other,USA    ,Early,ford         
chevrolet monte carlo               ,USA    ,15,8,400,150,3761,9.5,70,Other,USA    ,Early,chevrolet    
buick estate wagon (sw)             ,USA    ,14,8,455,225,3086,10,70,Other,USA    ,Early,buick        
toyota corona mark ii               ,Japan  ,24,4,113,95,2372,15,70,Four ,Japan  ,Early,toyota       
plymouth duster                     ,USA    ,22,6,198,95,2833,15.5,70,Other,USA    ,Early,plymouth     
amc hornet                          ,USA    ,18,6,199,97,2774,15.5,70,Other,USA    ,Early,amc          
ford maverick                       ,USA    ,21,6,200,85,2587,16,70,Other,USA    ,Early,ford         
datsun pl510                        ,Japan  ,27,4,97,88,2130,14.5,70,Four ,Japan  ,Early,datsun       
volkswagen 1131 deluxe sedan        ,Germany,26,4,97,46,1835,20.5,70,Four ,Europe ,Early,volkswagen   
peugeot 504                         ,France ,25,4,110,87,2672,17.5,70,Four ,Europe ,Early,peugeot      
audi 100 ls                         ,Germany,24,4,107,90,2430,14.5,70,Four ,Europe ,Early,audi         
saab 99e                            ,Sweden ,25,4,104,95,2375,17.5,70,Four ,Europe ,Early,saab         
bmw 2002                            ,Germany,26,4,121,113,2234,12.5,70,Four ,Europe ,Early,bmw          
amc gremlin                         ,USA    ,21,6,199,90,2648,15,70,Other,USA    ,Early,amc          
ford f250                           ,USA    ,10,8,360,215,4615,14,70,Other,USA    ,Early,ford         
chevrolet c20                       ,USA    ,10,8,307,200,4376,15,70,Other,USA    ,Early,chevrolet    
dodge d200                          ,USA    ,11,8,318,210,4382,13.5,70,Other,USA    ,Early,dodge        
ih 1200d                            ,USA    ,9,8,304,193,4732,18.5,70,Other,USA    ,Early,ih           
datsun pl510                        ,Japan  ,27,4,97,88,2130,14.5,71,Four ,Japan  ,Early,datsun       
chevrolet vega 2300                 ,USA    ,28,4,140,90,2264,15.5,71,Four ,USA    ,Early,chevrolet    
toyota corona                       ,Japan  ,25,4,113,95,2228,14,71,Four ,Japan  ,Early,toyota       
ford pinto                          ,USA    ,25,4,98,NaN,2046,19,71,Four ,USA    ,Early,ford         
volkswagen super beetle 117         ,Germany,NaN,4,97,48,1978,20,71,Four ,Europe ,Early,volkswagen   
amc gremlin                         ,USA    ,19,6,232,100,2634,13,71,Other,USA    ,Early,amc          
plymouth satellite custom           ,USA    ,16,6,225,105,3439,15.5,71,Other,USA    ,Early,plymouth     
chevrolet chevelle malibu           ,USA    ,17,6,250,100,3329,15.5,71,Other,USA    ,Early,chevrolet    
ford torino 500                     ,USA    ,19,6,250,88,3302,15.5,71,Other,USA    ,Early,ford         
amc matador                         ,USA    ,18,6,232,100,3288,15.5,71,Other,USA    ,Early,amc          
chevrolet impala                    ,USA    ,14,8,350,165,4209,12,71,Other,USA    ,Early,chevrolet    
pontiac catalina brougham           ,USA    ,14,8,400,175,4464,11.5,71,Other,USA    ,Early,pontiac      
ford galaxie 500                    ,USA    ,14,8,351,153,4154,13.5,71,Other,USA    ,Early,ford         
plymouth fury iii                   ,USA    ,14,8,318,150,4096,13,71,Other,USA    ,Early,plymouth     
dodge monaco (sw)                   ,USA    ,12,8,383,180,4955,11.5,71,Other,USA    ,Early,dodge        
ford country squire (sw)            ,USA    ,13,8,400,170,4746,12,71,Other,USA    ,Early,ford         
pontiac safari (sw)                 ,USA    ,13,8,400,175,5140,12,71,Other,USA    ,Early,pontiac      
amc hornet sportabout (sw)          ,USA    ,18,6,258,110,2962,13.5,71,Other,USA    ,Early,amc          
chevrolet vega (sw)                 ,USA    ,22,4,140,72,2408,19,71,Four ,USA    ,Early,chevrolet    
pontiac firebird                    ,USA    ,19,6,250,100,3282,15,71,Other,USA    ,Early,pontiac      
ford mustang                        ,USA    ,18,6,250,88,3139,14.5,71,Other,USA    ,Early,ford         
mercury capri 2000                  ,USA    ,23,4,122,86,2220,14,71,Four ,USA    ,Early,mercury      
opel 1900                           ,Germany,28,4,116,90,2123,14,71,Four ,Europe ,Early,opel         
peugeot 304                         ,France ,30,4,79,70,2074,19.5,71,Four ,Europe ,Early,peugeot      
fiat 124b                           ,Italy  ,30,4,88,76,2065,14.5,71,Four ,Europe ,Early,fiat         
toyota corolla 1200                 ,Japan  ,31,4,71,65,1773,19,71,Four ,Japan  ,Early,toyota       
datsun 1200                         ,Japan  ,35,4,72,69,1613,18,71,Four ,Japan  ,Early,datsun       
volkswagen model 111                ,Germany,27,4,97,60,1834,19,71,Four ,Europe ,Early,volkswagen   
plymouth cricket                    ,USA    ,26,4,91,70,1955,20.5,71,Four ,USA    ,Early,plymouth     
toyota corona hardtop               ,Japan  ,24,4,113,95,2278,15.5,72,Four ,Japan  ,Early,toyota       
dodge colt hardtop                  ,USA    ,25,4,97.5,80,2126,17,72,Four ,USA    ,Early,dodge        
volkswagen type 3                   ,Germany,23,4,97,54,2254,23.5,72,Four ,Europe ,Early,volkswagen   
chevrolet vega                      ,USA    ,20,4,140,90,2408,19.5,72,Four ,USA    ,Early,chevrolet    
ford pinto runabout                 ,USA    ,21,4,122,86,2226,16.5,72,Four ,USA    ,Early,ford         
chevrolet impala                    ,USA    ,13,8,350,165,4274,12,72,Other,USA    ,Early,chevrolet    
pontiac catalina                    ,USA    ,14,8,400,175,4385,12,72,Other,USA    ,Early,pontiac      
plymouth fury iii                   ,USA    ,15,8,318,150,4135,13.5,72,Other,USA    ,Early,plymouth     
ford galaxie 500                    ,USA    ,14,8,351,153,4129,13,72,Other,USA    ,Early,ford         
amc ambassador sst                  ,USA    ,17,8,304,150,3672,11.5,72,Other,USA    ,Early,amc          
mercury marquis                     ,USA    ,11,8,429,208,4633,11,72,Other,USA    ,Early,mercury      
buick lesabre custom                ,USA    ,13,8,350,155,4502,13.5,72,Other,USA    ,Early,buick        
oldsmobile delta 88 royale          ,USA    ,12,8,350,160,4456,13.5,72,Other,USA    ,Early,oldsmobile   
chrysler newport royal              ,USA    ,13,8,400,190,4422,12.5,72,Other,USA    ,Early,chrysler     
mazda rx2 coupe                     ,Japan  ,19,3,70,97,2330,13.5,72,Other,Japan  ,Early,mazda        
amc matador (sw)                    ,USA    ,15,8,304,150,3892,12.5,72,Other,USA    ,Early,amc          
chevrolet chevelle concours (sw)    ,USA    ,13,8,307,130,4098,14,72,Other,USA    ,Early,chevrolet    
ford gran torino (sw)               ,USA    ,13,8,302,140,4294,16,72,Other,USA    ,Early,ford         
plymouth satellite custom (sw)      ,USA    ,14,8,318,150,4077,14,72,Other,USA    ,Early,plymouth     
volvo 145e (sw)                     ,Sweden ,18,4,121,112,2933,14.5,72,Four ,Europe ,Early,volvo        
volkswagen 411 (sw)                 ,Germany,22,4,121,76,2511,18,72,Four ,Europe ,Early,volkswagen   
peugeot 504 (sw)                    ,France ,21,4,120,87,2979,19.5,72,Four ,Europe ,Early,peugeot      
renault 12 (sw)                     ,France ,26,4,96,69,2189,18,72,Four ,Europe ,Early,renault      
ford pinto (sw)                     ,USA    ,22,4,122,86,2395,16,72,Four ,USA    ,Early,ford         
datsun 510 (sw)                     ,Japan  ,28,4,97,92,2288,17,72,Four ,Japan  ,Early,datsun       
toyota corona mark ii (sw)          ,Japan  ,23,4,120,97,2506,14.5,72,Four ,Japan  ,Early,toyota       
dodge colt (sw)                     ,USA    ,28,4,98,80,2164,15,72,Four ,USA    ,Early,dodge        
toyota corolla 1600 (sw)            ,Japan  ,27,4,97,88,2100,16.5,72,Four ,Japan  ,Early,toyota       
buick century 350                   ,USA    ,13,8,350,175,4100,13,73,Other,USA    ,Early,buick        
amc matador                         ,USA    ,14,8,304,150,3672,11.5,73,Other,USA    ,Early,amc          
chevrolet malibu                    ,USA    ,13,8,350,145,3988,13,73,Other,USA    ,Early,chevrolet    
ford gran torino                    ,USA    ,14,8,302,137,4042,14.5,73,Other,USA    ,Early,ford         
dodge coronet custom                ,USA    ,15,8,318,150,3777,12.5,73,Other,USA    ,Early,dodge        
mercury marquis brougham            ,USA    ,12,8,429,198,4952,11.5,73,Other,USA    ,Early,mercury      
chevrolet caprice classic           ,USA    ,13,8,400,150,4464,12,73,Other,USA    ,Early,chevrolet    
ford ltd                            ,USA    ,13,8,351,158,4363,13,73,Other,USA    ,Early,ford         
plymouth fury gran sedan            ,USA    ,14,8,318,150,4237,14.5,73,Other,USA    ,Early,plymouth     
chrysler new yorker brougham        ,USA    ,13,8,440,215,4735,11,73,Other,USA    ,Early,chrysler     
buick electra 225 custom            ,USA    ,12,8,455,225,4951,11,73,Other,USA    ,Early,buick        
amc ambassador brougham             ,USA    ,13,8,360,175,3821,11,73,Other,USA    ,Early,amc          
plymouth valiant                    ,USA    ,18,6,225,105,3121,16.5,73,Other,USA    ,Early,plymouth     
chevrolet nova custom               ,USA    ,16,6,250,100,3278,18,73,Other,USA    ,Early,chevrolet    
amc hornet                          ,USA    ,18,6,232,100,2945,16,73,Other,USA    ,Early,amc          
ford maverick                       ,USA    ,18,6,250,88,3021,16.5,73,Other,USA    ,Early,ford         
plymouth duster                     ,USA    ,23,6,198,95,2904,16,73,Other,USA    ,Early,plymouth     
volkswagen super beetle             ,Germany,26,4,97,46,1950,21,73,Four ,Europe ,Early,volkswagen   
chevrolet impala                    ,USA    ,11,8,400,150,4997,14,73,Other,USA    ,Early,chevrolet    
ford country                        ,USA    ,12,8,400,167,4906,12.5,73,Other,USA    ,Early,ford         
plymouth custom suburb              ,USA    ,13,8,360,170,4654,13,73,Other,USA    ,Early,plymouth     
oldsmobile vista cruiser            ,USA    ,12,8,350,180,4499,12.5,73,Other,USA    ,Early,oldsmobile   
amc gremlin                         ,USA    ,18,6,232,100,2789,15,73,Other,USA    ,Early,amc          
toyota carina                       ,Japan  ,20,4,97,88,2279,19,73,Four ,Japan  ,Early,toyota       
chevrolet vega                      ,USA    ,21,4,140,72,2401,19.5,73,Four ,USA    ,Early,chevrolet    
datsun 610                          ,Japan  ,22,4,108,94,2379,16.5,73,Four ,Japan  ,Early,datsun       
mazda rx3                           ,Japan  ,18,3,70,90,2124,13.5,73,Other,Japan  ,Early,mazda        
ford pinto                          ,USA    ,19,4,122,85,2310,18.5,73,Four ,USA    ,Early,ford         
mercury capri v6                    ,USA    ,21,6,155,107,2472,14,73,Other,USA    ,Early,mercury      
fiat 124 sport coupe                ,Italy  ,26,4,98,90,2265,15.5,73,Four ,Europe ,Early,fiat         
chevrolet monte carlo s             ,USA    ,15,8,350,145,4082,13,73,Other,USA    ,Early,chevrolet    
pontiac grand prix                  ,USA    ,16,8,400,230,4278,9.5,73,Other,USA    ,Early,pontiac      
fiat 128                            ,Italy  ,29,4,68,49,1867,19.5,73,Four ,Europe ,Early,fiat         
opel manta                          ,Germany,24,4,116,75,2158,15.5,73,Four ,Europe ,Early,opel         
audi 100ls                          ,Germany,20,4,114,91,2582,14,73,Four ,Europe ,Early,audi         
volvo 144ea                         ,Sweden ,19,4,121,112,2868,15.5,73,Four ,Europe ,Early,volvo        
dodge dart custom                   ,USA    ,15,8,318,150,3399,11,73,Other,USA    ,Early,dodge        
saab 99le                           ,Sweden ,24,4,121,110,2660,14,73,Four ,Europe ,Early,saab         
toyota mark ii                      ,Japan  ,20,6,156,122,2807,13.5,73,Other,Japan  ,Early,toyota       
oldsmobile omega                    ,USA    ,11,8,350,180,3664,11,73,Other,USA    ,Early,oldsmobile   
plymouth duster                     ,USA    ,20,6,198,95,3102,16.5,74,Other,USA    ,Mid  ,plymouth     
ford maverick                       ,USA    ,21,6,200,NaN,2875,17,74,Other,USA    ,Mid  ,ford         
amc hornet                          ,USA    ,19,6,232,100,2901,16,74,Other,USA    ,Mid  ,amc          
chevrolet nova                      ,USA    ,15,6,250,100,3336,17,74,Other,USA    ,Mid  ,chevrolet    
datsun b210                         ,Japan  ,31,4,79,67,1950,19,74,Four ,Japan  ,Mid  ,datsun       
ford pinto                          ,USA    ,26,4,122,80,2451,16.5,74,Four ,USA    ,Mid  ,ford         
toyota corolla 1200                 ,Japan  ,32,4,71,65,1836,21,74,Four ,Japan  ,Mid  ,toyota       
chevrolet vega                      ,USA    ,25,4,140,75,2542,17,74,Four ,USA    ,Mid  ,chevrolet    
chevrolet chevelle malibu classic   ,USA    ,16,6,250,100,3781,17,74,Other,USA    ,Mid  ,chevrolet    
amc matador                         ,USA    ,16,6,258,110,3632,18,74,Other,USA    ,Mid  ,amc          
plymouth satellite sebring          ,USA    ,18,6,225,105,3613,16.5,74,Other,USA    ,Mid  ,plymouth     
ford gran torino                    ,USA    ,16,8,302,140,4141,14,74,Other,USA    ,Mid  ,ford         
buick century luxus (sw)            ,USA    ,13,8,350,150,4699,14.5,74,Other,USA    ,Mid  ,buick        
dodge coronet custom (sw)           ,USA    ,14,8,318,150,4457,13.5,74,Other,USA    ,Mid  ,dodge        
ford gran torino (sw)               ,USA    ,14,8,302,140,4638,16,74,Other,USA    ,Mid  ,ford         
amc matador (sw)                    ,USA    ,14,8,304,150,4257,15.5,74,Other,USA    ,Mid  ,amc          
audi fox                            ,Germany,29,4,98,83,2219,16.5,74,Four ,Europe ,Mid  ,audi         
volkswagen dasher                   ,Germany,26,4,79,67,1963,15.5,74,Four ,Europe ,Mid  ,volkswagen   
opel manta                          ,Germany,26,4,97,78,2300,14.5,74,Four ,Europe ,Mid  ,opel         
toyota corona                       ,Japan  ,31,4,76,52,1649,16.5,74,Four ,Japan  ,Mid  ,toyota       
datsun 710                          ,Japan  ,32,4,83,61,2003,19,74,Four ,Japan  ,Mid  ,datsun       
dodge colt                          ,USA    ,28,4,90,75,2125,14.5,74,Four ,USA    ,Mid  ,dodge        
fiat 128                            ,Italy  ,24,4,90,75,2108,15.5,74,Four ,Europe ,Mid  ,fiat         
fiat 124 tc                         ,Italy  ,26,4,116,75,2246,14,74,Four ,Europe ,Mid  ,fiat         
honda civic                         ,Japan  ,24,4,120,97,2489,15,74,Four ,Japan  ,Mid  ,honda        
subaru                              ,Japan  ,26,4,108,93,2391,15.5,74,Four ,Japan  ,Mid  ,subaru       
fiat x1.9                           ,Italy  ,31,4,79,67,2000,16,74,Four ,Europe ,Mid  ,fiat         
plymouth valiant custom             ,USA    ,19,6,225,95,3264,16,75,Other,USA    ,Mid  ,plymouth     
chevrolet nova                      ,USA    ,18,6,250,105,3459,16,75,Other,USA    ,Mid  ,chevrolet    
mercury monarch                     ,USA    ,15,6,250,72,3432,21,75,Other,USA    ,Mid  ,mercury      
ford maverick                       ,USA    ,15,6,250,72,3158,19.5,75,Other,USA    ,Mid  ,ford         
pontiac catalina                    ,USA    ,16,8,400,170,4668,11.5,75,Other,USA    ,Mid  ,pontiac      
chevrolet bel air                   ,USA    ,15,8,350,145,4440,14,75,Other,USA    ,Mid  ,chevrolet    
plymouth grand fury                 ,USA    ,16,8,318,150,4498,14.5,75,Other,USA    ,Mid  ,plymouth     
ford ltd                            ,USA    ,14,8,351,148,4657,13.5,75,Other,USA    ,Mid  ,ford         
buick century                       ,USA    ,17,6,231,110,3907,21,75,Other,USA    ,Mid  ,buick        
chevrolet chevelle malibu           ,USA    ,16,6,250,105,3897,18.5,75,Other,USA    ,Mid  ,chevrolet    
amc matador                         ,USA    ,15,6,258,110,3730,19,75,Other,USA    ,Mid  ,amc          
plymouth fury                       ,USA    ,18,6,225,95,3785,19,75,Other,USA    ,Mid  ,plymouth     
buick skyhawk                       ,USA    ,21,6,231,110,3039,15,75,Other,USA    ,Mid  ,buick        
chevrolet monza 2+2                 ,USA    ,20,8,262,110,3221,13.5,75,Other,USA    ,Mid  ,chevrolet    
ford mustang ii                     ,USA    ,13,8,302,129,3169,12,75,Other,USA    ,Mid  ,ford         
toyota corolla                      ,Japan  ,29,4,97,75,2171,16,75,Four ,Japan  ,Mid  ,toyota       
ford pinto                          ,USA    ,23,4,140,83,2639,17,75,Four ,USA    ,Mid  ,ford         
amc gremlin                         ,USA    ,20,6,232,100,2914,16,75,Other,USA    ,Mid  ,amc          
pontiac astro                       ,USA    ,23,4,140,78,2592,18.5,75,Four ,USA    ,Mid  ,pontiac      
toyota corona                       ,Japan  ,24,4,134,96,2702,13.5,75,Four ,Japan  ,Mid  ,toyota       
volkswagen dasher                   ,Germany,25,4,90,71,2223,16.5,75,Four ,Europe ,Mid  ,volkswagen   
datsun 710                          ,Japan  ,24,4,119,97,2545,17,75,Four ,Japan  ,Mid  ,datsun       
ford pinto                          ,USA    ,18,6,171,97,2984,14.5,75,Other,USA    ,Mid  ,ford         
volkswagen rabbit                   ,Germany,29,4,90,70,1937,14,75,Four ,Europe ,Mid  ,volkswagen   
amc pacer                           ,USA    ,19,6,232,90,3211,17,75,Other,USA    ,Mid  ,amc          
audi 100ls                          ,Germany,23,4,115,95,2694,15,75,Four ,Europe ,Mid  ,audi         
peugeot 504                         ,France ,23,4,120,88,2957,17,75,Four ,Europe ,Mid  ,peugeot      
volvo 244dl                         ,Sweden ,22,4,121,98,2945,14.5,75,Four ,Europe ,Mid  ,volvo        
saab 99le                           ,Sweden ,25,4,121,115,2671,13.5,75,Four ,Europe ,Mid  ,saab         
honda civic cvcc                    ,Japan  ,33,4,91,53,1795,17.5,75,Four ,Japan  ,Mid  ,honda        
fiat 131                            ,Italy  ,28,4,107,86,2464,15.5,76,Four ,Europe ,Mid  ,fiat         
opel 1900                           ,Germany,25,4,116,81,2220,16.9,76,Four ,Europe ,Mid  ,opel         
ford capri ii                       ,USA    ,25,4,140,92,2572,14.9,76,Four ,USA    ,Mid  ,ford         
dodge colt                          ,USA    ,26,4,98,79,2255,17.7,76,Four ,USA    ,Mid  ,dodge        
renault 12tl                        ,France ,27,4,101,83,2202,15.3,76,Four ,Europe ,Mid  ,renault      
chevrolet chevelle malibu classic   ,USA    ,17.5,8,305,140,4215,13,76,Other,USA    ,Mid  ,chevrolet    
dodge coronet brougham              ,USA    ,16,8,318,150,4190,13,76,Other,USA    ,Mid  ,dodge        
amc matador                         ,USA    ,15.5,8,304,120,3962,13.9,76,Other,USA    ,Mid  ,amc          
ford gran torino                    ,USA    ,14.5,8,351,152,4215,12.8,76,Other,USA    ,Mid  ,ford         
plymouth valiant                    ,USA    ,22,6,225,100,3233,15.4,76,Other,USA    ,Mid  ,plymouth     
chevrolet nova                      ,USA    ,22,6,250,105,3353,14.5,76,Other,USA    ,Mid  ,chevrolet    
ford maverick                       ,USA    ,24,6,200,81,3012,17.6,76,Other,USA    ,Mid  ,ford         
amc hornet                          ,USA    ,22.5,6,232,90,3085,17.6,76,Other,USA    ,Mid  ,amc          
chevrolet chevette                  ,USA    ,29,4,85,52,2035,22.2,76,Four ,USA    ,Mid  ,chevrolet    
chevrolet woody                     ,USA    ,24.5,4,98,60,2164,22.1,76,Four ,USA    ,Mid  ,chevrolet    
volkswagen rabbit                   ,Germany,29,4,90,70,1937,14.2,76,Four ,Europe ,Mid  ,volkswagen   
honda civic                         ,Japan  ,33,4,91,53,1795,17.4,76,Four ,Japan  ,Mid  ,honda        
dodge aspen se                      ,USA    ,20,6,225,100,3651,17.7,76,Other,USA    ,Mid  ,dodge        
ford granada ghia                   ,USA    ,18,6,250,78,3574,21,76,Other,USA    ,Mid  ,ford         
pontiac ventura sj                  ,USA    ,18.5,6,250,110,3645,16.2,76,Other,USA    ,Mid  ,pontiac      
amc pacer d/l                       ,USA    ,17.5,6,258,95,3193,17.8,76,Other,USA    ,Mid  ,amc          
volkswagen rabbit                   ,Germany,29.5,4,97,71,1825,12.2,76,Four ,Europe ,Mid  ,volkswagen   
datsun b-210                        ,Japan  ,32,4,85,70,1990,17,76,Four ,Japan  ,Mid  ,datsun       
toyota corolla                      ,Japan  ,28,4,97,75,2155,16.4,76,Four ,Japan  ,Mid  ,toyota       
ford pinto                          ,USA    ,26.5,4,140,72,2565,13.6,76,Four ,USA    ,Mid  ,ford         
volvo 245                           ,Sweden ,20,4,130,102,3150,15.7,76,Four ,Europe ,Mid  ,volvo        
plymouth volare premier v8          ,USA    ,13,8,318,150,3940,13.2,76,Other,USA    ,Mid  ,plymouth     
peugeot 504                         ,France ,19,4,120,88,3270,21.9,76,Four ,Europe ,Mid  ,peugeot      
toyota mark ii                      ,Japan  ,19,6,156,108,2930,15.5,76,Other,Japan  ,Mid  ,toyota       
mercedes-benz 280s                  ,Germany,16.5,6,168,120,3820,16.7,76,Other,Europe ,Mid  ,mercedes-benz
cadillac seville                    ,USA    ,16.5,8,350,180,4380,12.1,76,Other,USA    ,Mid  ,cadillac     
chevrolet c10                       ,USA    ,13,8,350,145,4055,12,76,Other,USA    ,Mid  ,chevrolet    
ford f108                           ,USA    ,13,8,302,130,3870,15,76,Other,USA    ,Mid  ,ford         
dodge d100                          ,USA    ,13,8,318,150,3755,14,76,Other,USA    ,Mid  ,dodge        
honda accord cvcc                   ,Japan  ,31.5,4,98,68,2045,18.5,77,Four ,Japan  ,Mid  ,honda        
buick opel isuzu deluxe             ,USA    ,30,4,111,80,2155,14.8,77,Four ,USA    ,Mid  ,buick        
renault 5 gtl                       ,France ,36,4,79,58,1825,18.6,77,Four ,Europe ,Mid  ,renault      
plymouth arrow gs                   ,USA    ,25.5,4,122,96,2300,15.5,77,Four ,USA    ,Mid  ,plymouth     
datsun f-10 hatchback               ,Japan  ,33.5,4,85,70,1945,16.8,77,Four ,Japan  ,Mid  ,datsun       
chevrolet caprice classic           ,USA    ,17.5,8,305,145,3880,12.5,77,Other,USA    ,Mid  ,chevrolet    
oldsmobile cutlass supreme          ,USA    ,17,8,260,110,4060,19,77,Other,USA    ,Mid  ,oldsmobile   
dodge monaco brougham               ,USA    ,15.5,8,318,145,4140,13.7,77,Other,USA    ,Mid  ,dodge        
mercury cougar brougham             ,USA    ,15,8,302,130,4295,14.9,77,Other,USA    ,Mid  ,mercury      
chevrolet concours                  ,USA    ,17.5,6,250,110,3520,16.4,77,Other,USA    ,Mid  ,chevrolet    
buick skylark                       ,USA    ,20.5,6,231,105,3425,16.9,77,Other,USA    ,Mid  ,buick        
plymouth volare custom              ,USA    ,19,6,225,100,3630,17.7,77,Other,USA    ,Mid  ,plymouth     
ford granada                        ,USA    ,18.5,6,250,98,3525,19,77,Other,USA    ,Mid  ,ford         
pontiac grand prix lj               ,USA    ,16,8,400,180,4220,11.1,77,Other,USA    ,Mid  ,pontiac      
chevrolet monte carlo landau        ,USA    ,15.5,8,350,170,4165,11.4,77,Other,USA    ,Mid  ,chevrolet    
chrysler cordoba                    ,USA    ,15.5,8,400,190,4325,12.2,77,Other,USA    ,Mid  ,chrysler     
ford thunderbird                    ,USA    ,16,8,351,149,4335,14.5,77,Other,USA    ,Mid  ,ford         
volkswagen rabbit custom            ,Germany,29,4,97,78,1940,14.5,77,Four ,Europe ,Mid  ,volkswagen   
pontiac sunbird coupe               ,USA    ,24.5,4,151,88,2740,16,77,Four ,USA    ,Mid  ,pontiac      
toyota corolla liftback             ,Japan  ,26,4,97,75,2265,18.2,77,Four ,Japan  ,Mid  ,toyota       
ford mustang ii 2+2                 ,USA    ,25.5,4,140,89,2755,15.8,77,Four ,USA    ,Mid  ,ford         
chevrolet chevette                  ,USA    ,30.5,4,98,63,2051,17,77,Four ,USA    ,Mid  ,chevrolet    
dodge colt m/m                      ,USA    ,33.5,4,98,83,2075,15.9,77,Four ,USA    ,Mid  ,dodge        
subaru dl                           ,Japan  ,30,4,97,67,1985,16.4,77,Four ,Japan  ,Mid  ,subaru       
volkswagen dasher                   ,Germany,30.5,4,97,78,2190,14.1,77,Four ,Europe ,Mid  ,volkswagen   
datsun 810                          ,Japan  ,22,6,146,97,2815,14.5,77,Other,Japan  ,Mid  ,datsun       
bmw 320i                            ,Germany,21.5,4,121,110,2600,12.8,77,Four ,Europe ,Mid  ,bmw          
mazda rx-4                          ,Japan  ,21.5,3,80,110,2720,13.5,77,Other,Japan  ,Mid  ,mazda        
volkswagen rabbit custom diesel     ,Germany,43.1,4,90,48,1985,21.5,78,Four ,Europe ,Mid  ,volkswagen   
ford fiesta                         ,USA    ,36.1,4,98,66,1800,14.4,78,Four ,USA    ,Mid  ,ford         
mazda glc deluxe                    ,Japan  ,32.8,4,78,52,1985,19.4,78,Four ,Japan  ,Mid  ,mazda        
datsun b210 gx                      ,Japan  ,39.4,4,85,70,2070,18.6,78,Four ,Japan  ,Mid  ,datsun       
honda civic cvcc                    ,Japan  ,36.1,4,91,60,1800,16.4,78,Four ,Japan  ,Mid  ,honda        
oldsmobile cutlass salon brougham   ,USA    ,19.9,8,260,110,3365,15.5,78,Other,USA    ,Mid  ,oldsmobile   
dodge diplomat                      ,USA    ,19.4,8,318,140,3735,13.2,78,Other,USA    ,Mid  ,dodge        
mercury monarch ghia                ,USA    ,20.2,8,302,139,3570,12.8,78,Other,USA    ,Mid  ,mercury      
pontiac phoenix lj                  ,USA    ,19.2,6,231,105,3535,19.2,78,Other,USA    ,Mid  ,pontiac      
chevrolet malibu                    ,USA    ,20.5,6,200,95,3155,18.2,78,Other,USA    ,Mid  ,chevrolet    
ford fairmont (auto)                ,USA    ,20.2,6,200,85,2965,15.8,78,Other,USA    ,Mid  ,ford         
ford fairmont (man)                 ,USA    ,25.1,4,140,88,2720,15.4,78,Four ,USA    ,Mid  ,ford         
plymouth volare                     ,USA    ,20.5,6,225,100,3430,17.2,78,Other,USA    ,Mid  ,plymouth     
amc concord                         ,USA    ,19.4,6,232,90,3210,17.2,78,Other,USA    ,Mid  ,amc          
buick century special               ,USA    ,20.6,6,231,105,3380,15.8,78,Other,USA    ,Mid  ,buick        
mercury zephyr                      ,USA    ,20.8,6,200,85,3070,16.7,78,Other,USA    ,Mid  ,mercury      
dodge aspen                         ,USA    ,18.6,6,225,110,3620,18.7,78,Other,USA    ,Mid  ,dodge        
amc concord d/l                     ,USA    ,18.1,6,258,120,3410,15.1,78,Other,USA    ,Mid  ,amc          
chevrolet monte carlo landau        ,USA    ,19.2,8,305,145,3425,13.2,78,Other,USA    ,Mid  ,chevrolet    
buick regal sport coupe (turbo)     ,USA    ,17.7,6,231,165,3445,13.4,78,Other,USA    ,Mid  ,buick        
ford futura                         ,USA    ,18.1,8,302,139,3205,11.2,78,Other,USA    ,Mid  ,ford         
dodge magnum xe                     ,USA    ,17.5,8,318,140,4080,13.7,78,Other,USA    ,Mid  ,dodge        
chevrolet chevette                  ,USA    ,30,4,98,68,2155,16.5,78,Four ,USA    ,Mid  ,chevrolet    
toyota corona                       ,Japan  ,27.5,4,134,95,2560,14.2,78,Four ,Japan  ,Mid  ,toyota       
datsun 510                          ,Japan  ,27.2,4,119,97,2300,14.7,78,Four ,Japan  ,Mid  ,datsun       
dodge omni                          ,USA    ,30.9,4,105,75,2230,14.5,78,Four ,USA    ,Mid  ,dodge        
toyota celica gt liftback           ,Japan  ,21.1,4,134,95,2515,14.8,78,Four ,Japan  ,Mid  ,toyota       
plymouth sapporo                    ,USA    ,23.2,4,156,105,2745,16.7,78,Four ,USA    ,Mid  ,plymouth     
oldsmobile starfire sx              ,USA    ,23.8,4,151,85,2855,17.6,78,Four ,USA    ,Mid  ,oldsmobile   
datsun 200-sx                       ,Japan  ,23.9,4,119,97,2405,14.9,78,Four ,Japan  ,Mid  ,datsun       
audi 5000                           ,Germany,20.3,5,131,103,2830,15.9,78,Other,Europe ,Mid  ,audi         
volvo 264gl                         ,Sweden ,17,6,163,125,3140,13.6,78,Other,Europe ,Mid  ,volvo        
saab 99gle                          ,Sweden ,21.6,4,121,115,2795,15.7,78,Four ,Europe ,Mid  ,saab         
peugeot 604sl                       ,France ,16.2,6,163,133,3410,15.8,78,Other,Europe ,Mid  ,peugeot      
volkswagen scirocco                 ,Germany,31.5,4,89,71,1990,14.9,78,Four ,Europe ,Mid  ,volkswagen   
honda accord lx                     ,Japan  ,29.5,4,98,68,2135,16.6,78,Four ,Japan  ,Mid  ,honda        
pontiac lemans v6                   ,USA    ,21.5,6,231,115,3245,15.4,79,Other,USA    ,Late ,pontiac      
mercury zephyr 6                    ,USA    ,19.8,6,200,85,2990,18.2,79,Other,USA    ,Late ,mercury      
ford fairmont 4                     ,USA    ,22.3,4,140,88,2890,17.3,79,Four ,USA    ,Late ,ford         
amc concord dl 6                    ,USA    ,20.2,6,232,90,3265,18.2,79,Other,USA    ,Late ,amc          
dodge aspen 6                       ,USA    ,20.6,6,225,110,3360,16.6,79,Other,USA    ,Late ,dodge        
chevrolet caprice classic           ,USA    ,17,8,305,130,3840,15.4,79,Other,USA    ,Late ,chevrolet    
ford ltd landau                     ,USA    ,17.6,8,302,129,3725,13.4,79,Other,USA    ,Late ,ford         
mercury grand marquis               ,USA    ,16.5,8,351,138,3955,13.2,79,Other,USA    ,Late ,mercury      
dodge st. regis                     ,USA    ,18.2,8,318,135,3830,15.2,79,Other,USA    ,Late ,dodge        
buick estate wagon (sw)             ,USA    ,16.9,8,350,155,4360,14.9,79,Other,USA    ,Late ,buick        
ford country squire (sw)            ,USA    ,15.5,8,351,142,4054,14.3,79,Other,USA    ,Late ,ford         
chevrolet malibu classic (sw)       ,USA    ,19.2,8,267,125,3605,15,79,Other,USA    ,Late ,chevrolet    
chrysler lebaron town @ country (sw),USA    ,18.5,8,360,150,3940,13,79,Other,USA    ,Late ,chrysler     
volkswagen rabbit custom            ,Germany,31.9,4,89,71,1925,14,79,Four ,Europe ,Late ,volkswagen   
mazda glc deluxe                    ,Japan  ,34.1,4,86,65,1975,15.2,79,Four ,Japan  ,Late ,mazda        
dodge colt hatchback custom         ,USA    ,35.7,4,98,80,1915,14.4,79,Four ,USA    ,Late ,dodge        
amc spirit dl                       ,USA    ,27.4,4,121,80,2670,15,79,Four ,USA    ,Late ,amc          
mercedes-benz 300d                  ,Germany,25.4,5,183,77,3530,20.1,79,Other,Europe ,Late ,mercedes-benz
cadillac eldorado                   ,USA    ,23,8,350,125,3900,17.4,79,Other,USA    ,Late ,cadillac     
peugeot 504                         ,France ,27.2,4,141,71,3190,24.8,79,Four ,Europe ,Late ,peugeot      
oldsmobile cutlass salon brougham   ,USA    ,23.9,8,260,90,3420,22.2,79,Other,USA    ,Late ,oldsmobile   
plymouth horizon                    ,USA    ,34.2,4,105,70,2200,13.2,79,Four ,USA    ,Late ,plymouth     
plymouth horizon tc3                ,USA    ,34.5,4,105,70,2150,14.9,79,Four ,USA    ,Late ,plymouth     
datsun 210                          ,Japan  ,31.8,4,85,65,2020,19.2,79,Four ,Japan  ,Late ,datsun       
fiat strada custom                  ,Italy  ,37.3,4,91,69,2130,14.7,79,Four ,Europe ,Late ,fiat         
buick skylark limited               ,USA    ,28.4,4,151,90,2670,16,79,Four ,USA    ,Late ,buick        
chevrolet citation                  ,USA    ,28.8,6,173,115,2595,11.3,79,Other,USA    ,Late ,chevrolet    
oldsmobile omega brougham           ,USA    ,26.8,6,173,115,2700,12.9,79,Other,USA    ,Late ,oldsmobile   
pontiac phoenix                     ,USA    ,33.5,4,151,90,2556,13.2,79,Four ,USA    ,Late ,pontiac      
volkswagen rabbit                   ,Germany,41.5,4,98,76,2144,14.7,80,Four ,Europe ,Late ,volkswagen   
toyota corolla tercel               ,Japan  ,38.1,4,89,60,1968,18.8,80,Four ,Japan  ,Late ,toyota       
chevrolet chevette                  ,USA    ,32.1,4,98,70,2120,15.5,80,Four ,USA    ,Late ,chevrolet    
datsun 310                          ,Japan  ,37.2,4,86,65,2019,16.4,80,Four ,Japan  ,Late ,datsun       
chevrolet citation                  ,USA    ,28,4,151,90,2678,16.5,80,Four ,USA    ,Late ,chevrolet    
ford fairmont                       ,USA    ,26.4,4,140,88,2870,18.1,80,Four ,USA    ,Late ,ford         
amc concord                         ,USA    ,24.3,4,151,90,3003,20.1,80,Four ,USA    ,Late ,amc          
dodge aspen                         ,USA    ,19.1,6,225,90,3381,18.7,80,Other,USA    ,Late ,dodge        
audi 4000                           ,Germany,34.3,4,97,78,2188,15.8,80,Four ,Europe ,Late ,audi         
toyota corona liftback              ,Japan  ,29.8,4,134,90,2711,15.5,80,Four ,Japan  ,Late ,toyota       
mazda 626                           ,Japan  ,31.3,4,120,75,2542,17.5,80,Four ,Japan  ,Late ,mazda        
datsun 510 hatchback                ,Japan  ,37,4,119,92,2434,15,80,Four ,Japan  ,Late ,datsun       
toyota corolla                      ,Japan  ,32.2,4,108,75,2265,15.2,80,Four ,Japan  ,Late ,toyota       
mazda glc                           ,Japan  ,46.6,4,86,65,2110,17.9,80,Four ,Japan  ,Late ,mazda        
dodge colt                          ,USA    ,27.9,4,156,105,2800,14.4,80,Four ,USA    ,Late ,dodge        
datsun 210                          ,Japan  ,40.8,4,85,65,2110,19.2,80,Four ,Japan  ,Late ,datsun       
volkswagen rabbit c (diesel)        ,Germany,44.3,4,90,48,2085,21.7,80,Four ,Europe ,Late ,volkswagen   
volkswagen dasher (diesel)          ,Germany,43.4,4,90,48,2335,23.7,80,Four ,Europe ,Late ,volkswagen   
audi 5000s (diesel)                 ,Germany,36.4,5,121,67,2950,19.9,80,Other,Europe ,Late ,audi         
mercedes-benz 240d                  ,Germany,30,4,146,67,3250,21.8,80,Four ,Europe ,Late ,mercedes-benz
honda civic 1500 gl                 ,Japan  ,44.6,4,91,67,1850,13.8,80,Four ,Japan  ,Late ,honda        
renault lecar deluxe                ,France ,40.9,4,85,NaN,1835,17.3,80,Four ,Europe ,Late ,renault      
subaru dl                           ,Japan  ,33.8,4,97,67,2145,18,80,Four ,Japan  ,Late ,subaru       
volkswagen rabbit                   ,Germany,29.8,4,89,62,1845,15.3,80,Four ,Europe ,Late ,volkswagen   
datsun 280-zx                       ,Japan  ,32.7,6,168,132,2910,11.4,80,Other,Japan  ,Late ,datsun       
mazda rx-7 gs                       ,Japan  ,23.7,3,70,100,2420,12.5,80,Other,Japan  ,Late ,mazda        
triumph tr7 coupe                   ,England,35,4,122,88,2500,15.1,80,Four ,Europe ,Late ,triumph      
ford mustang cobra                  ,USA    ,23.6,4,140,NaN,2905,14.3,80,Four ,USA    ,Late ,ford         
honda accord                        ,Japan  ,32.4,4,107,72,2290,17,80,Four ,Japan  ,Late ,honda        
plymouth reliant                    ,USA    ,27.2,4,135,84,2490,15.7,81,Four ,USA    ,Late ,plymouth     
buick skylark                       ,USA    ,26.6,4,151,84,2635,16.4,81,Four ,USA    ,Late ,buick        
dodge aries wagon (sw)              ,USA    ,25.8,4,156,92,2620,14.4,81,Four ,USA    ,Late ,dodge        
chevrolet citation                  ,USA    ,23.5,6,173,110,2725,12.6,81,Other,USA    ,Late ,chevrolet    
plymouth reliant                    ,USA    ,30,4,135,84,2385,12.9,81,Four ,USA    ,Late ,plymouth     
toyota starlet                      ,Japan  ,39.1,4,79,58,1755,16.9,81,Four ,Japan  ,Late ,toyota       
plymouth champ                      ,USA    ,39,4,86,64,1875,16.4,81,Four ,USA    ,Late ,plymouth     
honda civic 1300                    ,Japan  ,35.1,4,81,60,1760,16.1,81,Four ,Japan  ,Late ,honda        
subaru                              ,Japan  ,32.3,4,97,67,2065,17.8,81,Four ,Japan  ,Late ,subaru       
datsun 210 mpg                      ,Japan  ,37,4,85,65,1975,19.4,81,Four ,Japan  ,Late ,datsun       
toyota tercel                       ,Japan  ,37.7,4,89,62,2050,17.3,81,Four ,Japan  ,Late ,toyota       
mazda glc 4                         ,Japan  ,34.1,4,91,68,1985,16,81,Four ,Japan  ,Late ,mazda        
plymouth horizon 4                  ,USA    ,34.7,4,105,63,2215,14.9,81,Four ,USA    ,Late ,plymouth     
ford escort 4w                      ,USA    ,34.4,4,98,65,2045,16.2,81,Four ,USA    ,Late ,ford         
ford escort 2h                      ,USA    ,29.9,4,98,65,2380,20.7,81,Four ,USA    ,Late ,ford         
volkswagen jetta                    ,Germany,33,4,105,74,2190,14.2,81,Four ,Europe ,Late ,volkswagen   
renault 18i                         ,France ,34.5,4,100,NaN,2320,15.8,81,Four ,Europe ,Late ,renault      
honda prelude                       ,Japan  ,33.7,4,107,75,2210,14.4,81,Four ,Japan  ,Late ,honda        
toyota corolla                      ,Japan  ,32.4,4,108,75,2350,16.8,81,Four ,Japan  ,Late ,toyota       
datsun 200sx                        ,Japan  ,32.9,4,119,100,2615,14.8,81,Four ,Japan  ,Late ,datsun       
mazda 626                           ,Japan  ,31.6,4,120,74,2635,18.3,81,Four ,Japan  ,Late ,mazda        
peugeot 505s turbo diesel           ,France ,28.1,4,141,80,3230,20.4,81,Four ,Europe ,Late ,peugeot      
saab 900s                           ,Sweden ,NaN,4,121,110,2800,15.4,81,Four ,Europe ,Late ,saab         
volvo diesel                        ,Sweden ,30.7,6,145,76,3160,19.6,81,Other,Europe ,Late ,volvo        
toyota cressida                     ,Japan  ,25.4,6,168,116,2900,12.6,81,Other,Japan  ,Late ,toyota       
datsun 810 maxima                   ,Japan  ,24.2,6,146,120,2930,13.8,81,Other,Japan  ,Late ,datsun       
buick century                       ,USA    ,22.4,6,231,110,3415,15.8,81,Other,USA    ,Late ,buick        
oldsmobile cutlass ls               ,USA    ,26.6,8,350,105,3725,19,81,Other,USA    ,Late ,oldsmobile   
ford granada gl                     ,USA    ,20.2,6,200,88,3060,17.1,81,Other,USA    ,Late ,ford         
chrysler lebaron salon              ,USA    ,17.6,6,225,85,3465,16.6,81,Other,USA    ,Late ,chrysler     
chevrolet cavalier                  ,USA    ,28,4,112,88,2605,19.6,82,Four ,USA    ,Late ,chevrolet    
chevrolet cavalier wagon            ,USA    ,27,4,112,88,2640,18.6,82,Four ,USA    ,Late ,chevrolet    
chevrolet cavalier 2-door           ,USA    ,34,4,112,88,2395,18,82,Four ,USA    ,Late ,chevrolet    
pontiac j2000 se hatchback          ,USA    ,31,4,112,85,2575,16.2,82,Four ,USA    ,Late ,pontiac      
dodge aries se                      ,USA    ,29,4,135,84,2525,16,82,Four ,USA    ,Late ,dodge        
pontiac phoenix                     ,USA    ,27,4,151,90,2735,18,82,Four ,USA    ,Late ,pontiac      
ford fairmont futura                ,USA    ,24,4,140,92,2865,16.4,82,Four ,USA    ,Late ,ford         
amc concord dl                      ,USA    ,23,4,151,NaN,3035,20.5,82,Four ,USA    ,Late ,amc          
volkswagen rabbit l                 ,Germany,36,4,105,74,1980,15.3,82,Four ,Europe ,Late ,volkswagen   
mazda glc custom l                  ,Japan  ,37,4,91,68,2025,18.2,82,Four ,Japan  ,Late ,mazda        
mazda glc custom                    ,Japan  ,31,4,91,68,1970,17.6,82,Four ,Japan  ,Late ,mazda        
plymouth horizon miser              ,USA    ,38,4,105,63,2125,14.7,82,Four ,USA    ,Late ,plymouth     
mercury lynx l                      ,USA    ,36,4,98,70,2125,17.3,82,Four ,USA    ,Late ,mercury      
nissan stanza xe                    ,Japan  ,36,4,120,88,2160,14.5,82,Four ,Japan  ,Late ,nissan       
honda accord                        ,Japan  ,36,4,107,75,2205,14.5,82,Four ,Japan  ,Late ,honda        
toyota corolla                      ,Japan  ,34,4,108,70,2245,16.9,82,Four ,Japan  ,Late ,toyota       
honda civic                         ,Japan  ,38,4,91,67,1965,15,82,Four ,Japan  ,Late ,honda        
honda civic (auto)                  ,Japan  ,32,4,91,67,1965,15.7,82,Four ,Japan  ,Late ,honda        
datsun 310 gx                       ,Japan  ,38,4,91,67,1995,16.2,82,Four ,Japan  ,Late ,datsun       
buick century limited               ,USA    ,25,6,181,110,2945,16.4,82,Other,USA    ,Late ,buick        
oldsmobile cutlass ciera (diesel)   ,USA    ,38,6,262,85,3015,17,82,Other,USA    ,Late ,oldsmobile   
chrysler lebaron medallion          ,USA    ,26,4,156,92,2585,14.5,82,Four ,USA    ,Late ,chrysler     
ford granada l                      ,USA    ,22,6,232,112,2835,14.7,82,Other,USA    ,Late ,ford         
toyota celica gt                    ,Japan  ,32,4,144,96,2665,13.9,82,Four ,Japan  ,Late ,toyota       
dodge charger 2.2                   ,USA    ,36,4,135,84,2370,13,82,Four ,USA    ,Late ,dodge        
chevrolet camaro                    ,USA    ,27,4,151,90,2950,17.3,82,Four ,USA    ,Late ,chevrolet    
ford mustang gl                     ,USA    ,27,4,140,86,2790,15.6,82,Four ,USA    ,Late ,ford         
volkswagen pickup                   ,Germany,44,4,97,52,2130,24.6,82,Four ,Europe ,Late ,volkswagen   
dodge rampage                       ,USA    ,32,4,135,84,2295,11.6,82,Four ,USA    ,Late ,dodge        
ford ranger                         ,USA    ,28,4,120,79,2625,18.6,82,Four ,USA    ,Late ,ford         
chevrolet s-10                      ,USA    ,31,4,119,82,2720,19.4,82,Four ,USA    ,Late ,chevrolet    
